dateindex,date,date_integer,BE
2015-08-31,2015-08-31,1,6.0
2015-09-01,2015-09-01,2,20.0
2015-09-02,2015-09-02,3,8.0
2015-09-03,2015-09-03,4,25.0
2015-09-04,2015-09-04,5,30.0
2015-09-05,2015-09-05,6,3.0
2015-09-06,2015-09-06,7,25.0
2015-09-07,2015-09-07,8,8.0
2015-09-08,2015-09-08,9,24.0
2015-09-09,2015-09-09,10,17.0
2015-09-10,2015-09-10,11,34.0
2015-09-11,2015-09-11,12,27.0
2015-09-12,2015-09-12,13,18.0
2015-09-13,2015-09-13,14,11.0
2015-09-14,2015-09-14,15,19.0
2015-09-15,2015-09-15,16,23.0
2015-09-16,2015-09-16,17,12.0
2015-09-17,2015-09-17,18,10.0
2015-09-18,2015-09-18,19,37.0
2015-09-19,2015-09-19,20,3
2015-09-20,2015-09-20,21,10.0
2015-09-21,2015-09-21,22,9.0
2015-09-22,2015-09-22,23,43.0
2015-09-23,2015-09-23,24,15.0
2015-09-24,2015-09-24,25,35.0
2015-09-25,2015-09-25,26,9.0
2015-09-26,2015-09-26,27,20.0
2015-09-27,2015-09-27,28,5.0
2015-09-28,2015-09-28,29,25.0
2015-09-29,2015-09-29,30,6.0
2015-09-30,2015-09-30,31,5.0
2015-10-01,2015-10-01,32,20.0
2015-10-02,2015-10-02,33,4.0
2015-10-03,2015-10-03,34,11.0
2015-10-04,2015-10-04,35,14.0
2015-10-05,2015-10-05,36,12.0
2015-10-06,2015-10-06,37,23.0
2015-10-07,2015-10-07,38,8.0
2015-10-08,2015-10-08,39,12.0
2015-10-09,2015-10-09,40,9.0
2015-10-10,2015-10-10,41,3.0
2015-10-11,2015-10-11,42,7.0
2015-10-12,2015-10-12,43,3.0
2015-10-13,2015-10-13,44,25.0
2015-10-14,2015-10-14,45,9.0
2015-10-15,2015-10-15,46,23.0
2015-10-16,2015-10-16,47,6.0
2015-10-17,2015-10-17,48,38.0
2015-10-18,2015-10-18,49,19.0
2015-10-19,2015-10-19,50,13.0
2015-10-20,2015-10-20,51,2.0
2015-10-21,2015-10-21,52,18.0
2015-10-22,2015-10-22,53,9.0
2015-10-23,2015-10-23,54,4.0
2015-10-24,2015-10-24,55,29.0
2015-10-25,2015-10-25,56,33.0
2015-10-26,2015-10-26,57,2.0
2015-10-27,2015-10-27,58,12.0
2015-10-28,2015-10-28,59,5.0
2015-10-29,2015-10-29,60,8.0
2015-10-30,2015-10-30,61,21.0
2015-10-31,2015-10-31,62,25.0
2015-11-01,2015-11-01,63,10.0
2015-11-02,2015-11-02,64,12.0
2015-11-03,2015-11-03,65,11.0
2015-11-04,2015-11-04,66,9.0
2015-11-05,2015-11-05,67,11.0
2015-11-06,2015-11-06,68,19.0
2015-11-07,2015-11-07,69,5.0
2015-11-08,2015-11-08,70,9.0
2015-11-09,2015-11-09,71,21.0
2015-11-10,2015-11-10,72,26.0
2015-11-11,2015-11-11,73,8.0
2015-11-12,2015-11-12,74,2.0
2015-11-13,2015-11-13,75,10.0
2015-11-14,2015-11-14,76,24.0
2015-11-15,2015-11-15,77,6.0
2015-11-16,2015-11-16,78,34.0
2015-11-17,2015-11-17,79,15.0
2015-11-18,2015-11-18,80,3.0
2015-11-19,2015-11-19,81,10.0
2015-11-20,2015-11-20,82,31.0
2015-11-21,2015-11-21,83,7.0
2015-11-22,2015-11-22,84,8.0
2015-11-23,2015-11-23,85,23.0
2015-11-24,2015-11-24,86,2
2015-11-25,2015-11-25,87,8.0
2015-11-26,2015-11-26,88,7.0
2015-11-27,2015-11-27,89,11.0
2015-11-28,2015-11-28,90,3.0
2015-11-29,2015-11-29,91,11.0
2015-11-30,2015-11-30,92,14.0
2015-12-01,2015-12-01,93,6.0
2015-12-02,2015-12-02,94,9.0
2015-12-03,2015-12-03,95,16.0
2015-12-04,2015-12-04,96,60.0
2015-12-05,2015-12-05,97,5.0
2015-12-06,2015-12-06,98,7.0
2015-12-07,2015-12-07,99,18.0
2015-12-08,2015-12-08,100,9.0
2015-12-09,2015-12-09,101,10.0
2015-12-10,2015-12-10,102,23.0
2015-12-11,2015-12-11,103,30.0
2015-12-12,2015-12-12,104,9.0
2015-12-13,2015-12-13,105,59.0
2015-12-14,2015-12-14,106,5.0
2015-12-15,2015-12-15,107,12.0
2015-12-16,2015-12-16,108,28.0
2015-12-17,2015-12-17,109,9.0
2015-12-18,2015-12-18,110,22.0
2015-12-19,2015-12-19,111,6.0
2015-12-20,2015-12-20,112,19.0
2015-12-21,2015-12-21,113,9.0
2015-12-22,2015-12-22,114,5.0
2015-12-23,2015-12-23,115,43.0
2015-12-24,2015-12-24,116,3.0
2015-12-25,2015-12-25,117,9.0
2015-12-26,2015-12-26,118,20.0
2015-12-27,2015-12-27,119,7.0
2015-12-28,2015-12-28,120,46.0
2015-12-29,2015-12-29,121,14.0
2015-12-30,2015-12-30,122,25.0
2015-12-31,2015-12-31,123,31.0
2016-01-01,2016-01-01,124,32.0
2016-01-02,2016-01-02,125,7.0
2016-01-03,2016-01-03,126,16.0
2016-01-04,2016-01-04,127,10.0
2016-01-05,2016-01-05,128,16.0
2016-01-06,2016-01-06,129,15.0
2016-01-07,2016-01-07,130,24.0
2016-01-08,2016-01-08,131,4
2016-01-09,2016-01-09,132,5.0
2016-01-10,2016-01-10,133,5.0
2016-01-11,2016-01-11,134,10.0
2016-01-12,2016-01-12,135,25.0
2016-01-13,2016-01-13,136,39.0
2016-01-14,2016-01-14,137,16.0
2016-01-15,2016-01-15,138,10.0
2016-01-16,2016-01-16,139,28.0
2016-01-17,2016-01-17,140,3.0
2016-01-18,2016-01-18,141,9.0
2016-01-19,2016-01-19,142,15.0
2016-01-20,2016-01-20,143,27.0
2016-01-21,2016-01-21,144,10.0
2016-01-22,2016-01-22,145,11.0
2016-01-23,2016-01-23,146,20.0
2016-01-24,2016-01-24,147,15.0
2016-01-25,2016-01-25,148,10.0
2016-01-26,2016-01-26,149,33.0
2016-01-27,2016-01-27,150,18.0
2016-01-28,2016-01-28,151,36.0
2016-01-29,2016-01-29,152,13.0
2016-01-30,2016-01-30,153,65.0
2016-01-31,2016-01-31,154,14.0
2016-02-01,2016-02-01,155,16.0
2016-02-02,2016-02-02,156,16.0
2016-02-03,2016-02-03,157,16.0
2016-02-04,2016-02-04,158,19.0
2016-02-05,2016-02-05,159,17.0
2016-02-06,2016-02-06,160,16.0
2016-02-07,2016-02-07,161,18.0
2016-02-08,2016-02-08,162,14.0
2016-02-09,2016-02-09,163,16.0
2016-02-10,2016-02-10,164,10.0
2016-02-11,2016-02-11,165,10.0
2016-02-12,2016-02-12,166,10.0
2016-02-13,2016-02-13,167,34.0
2016-02-14,2016-02-14,168,13.0
2016-02-15,2016-02-15,169,18.0
2016-02-16,2016-02-16,170,41.0
2016-02-17,2016-02-17,171,23.0
2016-02-18,2016-02-18,172,27.0
2016-02-19,2016-02-19,173,15.0
2016-02-20,2016-02-20,174,28.0
2016-02-21,2016-02-21,175,58.0
2016-02-22,2016-02-22,176,30.0
2016-02-23,2016-02-23,177,16.0
2016-02-24,2016-02-24,178,13.0
2016-02-25,2016-02-25,179,7.0
2016-02-26,2016-02-26,180,8.0
2016-02-27,2016-02-27,181,15.0
2016-02-28,2016-02-28,182,10.0
2016-02-29,2016-02-29,183,20.0
2016-03-01,2016-03-01,184,10.0
2016-03-02,2016-03-02,185,11.0
2016-03-03,2016-03-03,186,6.0
2016-03-04,2016-03-04,187,10.0
2016-03-05,2016-03-05,188,13.0
2016-03-06,2016-03-06,189,12.0
2016-03-07,2016-03-07,190,16.0
2016-03-08,2016-03-08,191,16.0
2016-03-09,2016-03-09,192,10.0
2016-03-10,2016-03-10,193,32.0
2016-03-11,2016-03-11,194,13.0
2016-03-12,2016-03-12,195,9.0
2016-03-13,2016-03-13,196,18.0
2016-03-14,2016-03-14,197,21.0
2016-03-15,2016-03-15,198,6.0
2016-03-16,2016-03-16,199,23.0
2016-03-17,2016-03-17,200,16.0
2016-03-18,2016-03-18,201,14.0
2016-03-19,2016-03-19,202,4.0
2016-03-20,2016-03-20,203,17.0
2016-03-21,2016-03-21,204,10.0
2016-03-22,2016-03-22,205,15.0
2016-03-23,2016-03-23,206,10.0
2016-03-24,2016-03-24,207,8.0
2016-03-25,2016-03-25,208,17.0
2016-03-26,2016-03-26,209,6.0
2016-03-27,2016-03-27,210,7.0
2016-03-28,2016-03-28,211,8.0
2016-03-29,2016-03-29,212,18.0
2016-03-30,2016-03-30,213,16.0
2016-03-31,2016-03-31,214,7.0
2016-04-01,2016-04-01,215,11.0
2016-04-02,2016-04-02,216,6.0
2016-04-03,2016-04-03,217,18.0
2016-04-04,2016-04-04,218,23.0
2016-04-05,2016-04-05,219,13.0
2016-04-06,2016-04-06,220,4.0
2016-04-07,2016-04-07,221,24.0
2016-04-08,2016-04-08,222,4.0
2016-04-09,2016-04-09,223,17.0
2016-04-10,2016-04-10,224,10.0
2016-04-11,2016-04-11,225,17.0
2016-04-12,2016-04-12,226,14.0
2016-04-13,2016-04-13,227,6.0
2016-04-14,2016-04-14,228,7.0
2016-04-15,2016-04-15,229,19.0
2016-04-16,2016-04-16,230,14.0
2016-04-17,2016-04-17,231,17.0
2016-04-18,2016-04-18,232,15.0
2016-04-19,2016-04-19,233,11.0
2016-04-20,2016-04-20,234,6.0
2016-04-21,2016-04-21,235,10.0
2016-04-22,2016-04-22,236,40.0
2016-04-23,2016-04-23,237,15.0
2016-04-24,2016-04-24,238,14.0
2016-04-25,2016-04-25,239,12.0
2016-04-26,2016-04-26,240,34.0
2016-04-27,2016-04-27,241,22.0
2016-04-28,2016-04-28,242,17.0
2016-04-29,2016-04-29,243,13.0
2016-04-30,2016-04-30,244,11.0
2016-05-01,2016-05-01,245,11.0
2016-05-02,2016-05-02,246,10.0
2016-05-03,2016-05-03,247,18.0
2016-05-04,2016-05-04,248,19.0
2016-05-05,2016-05-05,249,7.0
2016-05-06,2016-05-06,250,5.0
2016-05-07,2016-05-07,251,24.0
2016-05-08,2016-05-08,252,12.0
2016-05-09,2016-05-09,253,26.0
2016-05-10,2016-05-10,254,4.0
2016-05-11,2016-05-11,255,21.0
2016-05-12,2016-05-12,256,25.0
2016-05-13,2016-05-13,257,4.0
2016-05-14,2016-05-14,258,8.0
2016-05-15,2016-05-15,259,10.0
2016-05-16,2016-05-16,260,7.0
2016-05-17,2016-05-17,261,19.0
2016-05-18,2016-05-18,262,5.0
2016-05-19,2016-05-19,263,13.0
2016-05-20,2016-05-20,264,57.0
2016-05-21,2016-05-21,265,7.0
2016-05-22,2016-05-22,266,12.0
2016-05-23,2016-05-23,267,7.0
2016-05-24,2016-05-24,268,15.0
2016-05-25,2016-05-25,269,4.0
2016-05-26,2016-05-26,270,21.0
2016-05-27,2016-05-27,271,23.0
2016-05-28,2016-05-28,272,15.0
2016-05-29,2016-05-29,273,13.0
2016-05-30,2016-05-30,274,5.0
2016-05-31,2016-05-31,275,7.0
2016-06-01,2016-06-01,276,16.0
2016-06-02,2016-06-02,277,79.0
2016-06-03,2016-06-03,278,4.0
2016-06-04,2016-06-04,279,6.0
2016-06-05,2016-06-05,280,11.0
2016-06-06,2016-06-06,281,21.0
2016-06-07,2016-06-07,282,13.0
2016-06-08,2016-06-08,283,7.0
2016-06-09,2016-06-09,284,4.0
2016-06-10,2016-06-10,285,9.0
2016-06-11,2016-06-11,286,11.0
2016-06-12,2016-06-12,287,4
2016-06-13,2016-06-13,288,18.0
2016-06-14,2016-06-14,289,11.0
2016-06-15,2016-06-15,290,4.0
2016-06-16,2016-06-16,291,14.0
2016-06-17,2016-06-17,292,7.0
2016-06-18,2016-06-18,293,37.0
2016-06-19,2016-06-19,294,26.0
2016-06-20,2016-06-20,295,21.0
2016-06-21,2016-06-21,296,19.0
2016-06-22,2016-06-22,297,16.0
2016-06-23,2016-06-23,298,16.0
2016-06-24,2016-06-24,299,17.0
2016-06-25,2016-06-25,300,18.0
2016-06-26,2016-06-26,301,24.0
2016-06-27,2016-06-27,302,5.0
2016-06-28,2016-06-28,303,4.0
2016-06-29,2016-06-29,304,11.0
2016-06-30,2016-06-30,305,25.0
2016-07-01,2016-07-01,306,36.0
2016-07-02,2016-07-02,307,7.0
2016-07-03,2016-07-03,308,23.0
2016-07-04,2016-07-04,309,6.0
2016-07-05,2016-07-05,310,28.0
2016-07-06,2016-07-06,311,17.0
2016-07-07,2016-07-07,312,2
2016-07-08,2016-07-08,313,26.0
2016-07-09,2016-07-09,314,14.0
2016-07-10,2016-07-10,315,17.0
2016-07-11,2016-07-11,316,16.0
2016-07-12,2016-07-12,317,21.0
2016-07-13,2016-07-13,318,20.0
2016-07-14,2016-07-14,319,14.0
2016-07-15,2016-07-15,320,12.0
2016-07-16,2016-07-16,321,9.0
2016-07-17,2016-07-17,322,22.0
2016-07-18,2016-07-18,323,10.0
2016-07-19,2016-07-19,324,13.0
2016-07-20,2016-07-20,325,18.0
2016-07-21,2016-07-21,326,33.0
2016-07-22,2016-07-22,327,9.0
2016-07-23,2016-07-23,328,21.0
2016-07-24,2016-07-24,329,12.0
2016-07-25,2016-07-25,330,19.0
2016-07-26,2016-07-26,331,13.0
2016-07-27,2016-07-27,332,8.0
2016-07-28,2016-07-28,333,22.0
2016-07-29,2016-07-29,334,7.0
2016-07-30,2016-07-30,335,10.0
2016-07-31,2016-07-31,336,12.0
2016-08-01,2016-08-01,337,5.0
2016-08-02,2016-08-02,338,9.0
2016-08-03,2016-08-03,339,22.0
2016-08-04,2016-08-04,340,15.0
2016-08-05,2016-08-05,341,25.0
2016-08-06,2016-08-06,342,20.0
2016-08-07,2016-08-07,343,10.0
2016-08-08,2016-08-08,344,19.0
2016-08-09,2016-08-09,345,15.0
2016-08-10,2016-08-10,346,16.0
2016-08-11,2016-08-11,347,17.0
2016-08-12,2016-08-12,348,19.0
2016-08-13,2016-08-13,349,9.0
2016-08-14,2016-08-14,350,9.0
2016-08-15,2016-08-15,351,20.0
2016-08-16,2016-08-16,352,19.0
2016-08-17,2016-08-17,353,8.0
2016-08-18,2016-08-18,354,15.0
2016-08-19,2016-08-19,355,19.0
2016-08-20,2016-08-20,356,14.0
2016-08-21,2016-08-21,357,25.0
2016-08-22,2016-08-22,358,9.0
2016-08-23,2016-08-23,359,16.0
2016-08-24,2016-08-24,360,9.0
2016-08-25,2016-08-25,361,19.0
2016-08-26,2016-08-26,362,6.0
2016-08-27,2016-08-27,363,12.0
2016-08-28,2016-08-28,364,23.0
2016-08-29,2016-08-29,365,21.0
2016-08-30,2016-08-30,366,9.0
2016-08-31,2016-08-31,367,6.0
2016-09-01,2016-09-01,368,51.0
2016-09-02,2016-09-02,369,17.0
2016-09-03,2016-09-03,370,14.0
2016-09-04,2016-09-04,371,8.0
2016-09-05,2016-09-05,372,8.0
2016-09-06,2016-09-06,373,11.0
2016-09-07,2016-09-07,374,12.0
2016-09-08,2016-09-08,375,10.0
2016-09-09,2016-09-09,376,22.0
2016-09-10,2016-09-10,377,6.0
2016-09-11,2016-09-11,378,15.0
2016-09-12,2016-09-12,379,13.0
2016-09-13,2016-09-13,380,15.0
2016-09-14,2016-09-14,381,16.0
2016-09-15,2016-09-15,382,21.0
2016-09-16,2016-09-16,383,55.0
2016-09-17,2016-09-17,384,17.0
2016-09-18,2016-09-18,385,21.0
2016-09-19,2016-09-19,386,21.0
2016-09-20,2016-09-20,387,13.0
2016-09-21,2016-09-21,388,22.0
2016-09-22,2016-09-22,389,26.0
2016-09-23,2016-09-23,390,16.0
2016-09-24,2016-09-24,391,23.0
2016-09-25,2016-09-25,392,16.0
2016-09-26,2016-09-26,393,13.0
2016-09-27,2016-09-27,394,24.0
2016-09-28,2016-09-28,395,6.0
2016-09-29,2016-09-29,396,22.0
2016-09-30,2016-09-30,397,12.0
2016-10-01,2016-10-01,398,8.0
2016-10-02,2016-10-02,399,26.0
2016-10-03,2016-10-03,400,10.0
2016-10-04,2016-10-04,401,5.0
2016-10-05,2016-10-05,402,15.0
2016-10-06,2016-10-06,403,76.0
2016-10-07,2016-10-07,404,23.0
2016-10-08,2016-10-08,405,3.0
2016-10-09,2016-10-09,406,15.0
2016-10-10,2016-10-10,407,8.0
2016-10-11,2016-10-11,408,15.0
2016-10-12,2016-10-12,409,19.0
2016-10-13,2016-10-13,410,13.0
2016-10-14,2016-10-14,411,46.0
2016-10-15,2016-10-15,412,12.0
2016-10-16,2016-10-16,413,9.0
2016-10-17,2016-10-17,414,11.0
2016-10-18,2016-10-18,415,9.0
2016-10-19,2016-10-19,416,4
2016-10-20,2016-10-20,417,5.0
2016-10-21,2016-10-21,418,2.0
2016-10-22,2016-10-22,419,5.0
2016-10-23,2016-10-23,420,8.0
2016-10-24,2016-10-24,421,19.0
2016-10-25,2016-10-25,422,6.0
2016-10-26,2016-10-26,423,6.0
2016-10-27,2016-10-27,424,16.0
2016-10-28,2016-10-28,425,36.0
2016-10-29,2016-10-29,426,8.0
2016-10-30,2016-10-30,427,6.0
2016-10-31,2016-10-31,428,14.0
2016-11-01,2016-11-01,429,16.0
2016-11-02,2016-11-02,430,19.0
2016-11-03,2016-11-03,431,16.0
2016-11-04,2016-11-04,432,17.0
2016-11-05,2016-11-05,433,5.0
2016-11-06,2016-11-06,434,14.0
2016-11-07,2016-11-07,435,6.0
2016-11-08,2016-11-08,436,8.0
2016-11-09,2016-11-09,437,17.0
2016-11-10,2016-11-10,438,23.0
2016-11-11,2016-11-11,439,8.0
2016-11-12,2016-11-12,440,17.0
2016-11-13,2016-11-13,441,55.0
2016-11-14,2016-11-14,442,6.0
2016-11-15,2016-11-15,443,21.0
2016-11-16,2016-11-16,444,19.0
2016-11-17,2016-11-17,445,12.0
2016-11-18,2016-11-18,446,62.0
2016-11-19,2016-11-19,447,10.0
2016-11-20,2016-11-20,448,21.0
2016-11-21,2016-11-21,449,24.0
2016-11-22,2016-11-22,450,12.0
2016-11-23,2016-11-23,451,10.0
2016-11-24,2016-11-24,452,8.0
2016-11-25,2016-11-25,453,4.0
2016-11-26,2016-11-26,454,11.0
2016-11-27,2016-11-27,455,13.0
2016-11-28,2016-11-28,456,18.0
2016-11-29,2016-11-29,457,18.0
2016-11-30,2016-11-30,458,18.0
2016-12-01,2016-12-01,459,21.0
2016-12-02,2016-12-02,460,29.0
2016-12-03,2016-12-03,461,12.0
2016-12-04,2016-12-04,462,29.0
2016-12-05,2016-12-05,463,10.0
2016-12-06,2016-12-06,464,10.0
2016-12-07,2016-12-07,465,12.0
2016-12-08,2016-12-08,466,6.0
2016-12-09,2016-12-09,467,26.0
2016-12-10,2016-12-10,468,4.0
2016-12-11,2016-12-11,469,7.0
2016-12-12,2016-12-12,470,5.0
2016-12-13,2016-12-13,471,9.0
2016-12-14,2016-12-14,472,69.0
2016-12-15,2016-12-15,473,16.0
2016-12-16,2016-12-16,474,5.0
2016-12-17,2016-12-17,475,9.0
2016-12-18,2016-12-18,476,14.0
2016-12-19,2016-12-19,477,9.0
2016-12-20,2016-12-20,478,30.0
2016-12-21,2016-12-21,479,28.0
2016-12-22,2016-12-22,480,12.0
2016-12-23,2016-12-23,481,11.0
2016-12-24,2016-12-24,482,2.0
2016-12-25,2016-12-25,483,17.0
2016-12-26,2016-12-26,484,5.0
2016-12-27,2016-12-27,485,10.0
2016-12-28,2016-12-28,486,13.0
2016-12-29,2016-12-29,487,18.0
2016-12-30,2016-12-30,488,19.0
2016-12-31,2016-12-31,489,6.0
2017-01-01,2017-01-01,490,8.0
2017-01-02,2017-01-02,491,13.0
2017-01-03,2017-01-03,492,12.0
2017-01-04,2017-01-04,493,14.0
2017-01-05,2017-01-05,494,17.0
2017-01-06,2017-01-06,495,11.0
2017-01-07,2017-01-07,496,22.0
2017-01-08,2017-01-08,497,14.0
2017-01-09,2017-01-09,498,5.0
2017-01-10,2017-01-10,499,38.0
2017-01-11,2017-01-11,500,33.0
2017-01-12,2017-01-12,501,23.0
2017-01-13,2017-01-13,502,11.0
2017-01-14,2017-01-14,503,9.0
2017-01-15,2017-01-15,504,8.0
2017-01-16,2017-01-16,505,6.0
2017-01-17,2017-01-17,506,15.0
2017-01-18,2017-01-18,507,23.0
2017-01-19,2017-01-19,508,20.0
2017-01-20,2017-01-20,509,19.0
2017-01-21,2017-01-21,510,17.0
2017-01-22,2017-01-22,511,11.0
2017-01-23,2017-01-23,512,18.0
2017-01-24,2017-01-24,513,5.0
2017-01-25,2017-01-25,514,17.0
2017-01-26,2017-01-26,515,14.0
2017-01-27,2017-01-27,516,9.0
2017-01-28,2017-01-28,517,12.0
2017-01-29,2017-01-29,518,32.0
2017-01-30,2017-01-30,519,25.0
2017-01-31,2017-01-31,520,15.0
2017-02-01,2017-02-01,521,9.0
2017-02-02,2017-02-02,522,18.0
2017-02-03,2017-02-03,523,10.0
2017-02-04,2017-02-04,524,33.0
2017-02-05,2017-02-05,525,22.0
2017-02-06,2017-02-06,526,10.0
2017-02-07,2017-02-07,527,32.0
2017-02-08,2017-02-08,528,4
2017-02-09,2017-02-09,529,7.0
2017-02-10,2017-02-10,530,6.0
2017-02-11,2017-02-11,531,9.0
2017-02-12,2017-02-12,532,7.0
2017-02-13,2017-02-13,533,28.0
2017-02-14,2017-02-14,534,6.0
2017-02-15,2017-02-15,535,13.0
2017-02-16,2017-02-16,536,34.0
2017-02-17,2017-02-17,537,25.0
2017-02-18,2017-02-18,538,7.0
2017-02-19,2017-02-19,539,15.0
2017-02-20,2017-02-20,540,21.0
2017-02-21,2017-02-21,541,6.0
2017-02-22,2017-02-22,542,12.0
2017-02-23,2017-02-23,543,28.0
2017-02-24,2017-02-24,544,9.0
2017-02-25,2017-02-25,545,3.0
2017-02-26,2017-02-26,546,13.0
2017-02-27,2017-02-27,547,23.0
2017-02-28,2017-02-28,548,21.0
2017-03-01,2017-03-01,549,10.0
2017-03-02,2017-03-02,550,22.0
2017-03-03,2017-03-03,551,20.0
2017-03-04,2017-03-04,552,35.0
2017-03-05,2017-03-05,553,24.0
2017-03-06,2017-03-06,554,26.0
2017-03-07,2017-03-07,555,41.0
2017-03-08,2017-03-08,556,18.0
2017-03-09,2017-03-09,557,18.0
2017-03-10,2017-03-10,558,19.0
2017-03-11,2017-03-11,559,52.0
2017-03-12,2017-03-12,560,7.0
2017-03-13,2017-03-13,561,14.0
2017-03-14,2017-03-14,562,38.0
2017-03-15,2017-03-15,563,15.0
2017-03-16,2017-03-16,564,15.0
2017-03-17,2017-03-17,565,7.0
2017-03-18,2017-03-18,566,13.0
2017-03-19,2017-03-19,567,14.0
2017-03-20,2017-03-20,568,9.0
2017-03-21,2017-03-21,569,25.0
2017-03-22,2017-03-22,570,14.0
2017-03-23,2017-03-23,571,20.0
2017-03-24,2017-03-24,572,25.0
2017-03-25,2017-03-25,573,17.0
2017-03-26,2017-03-26,574,20.0
2017-03-27,2017-03-27,575,8.0
2017-03-28,2017-03-28,576,6.0
2017-03-29,2017-03-29,577,21.0
2017-03-30,2017-03-30,578,21.0
2017-03-31,2017-03-31,579,11.0
2017-04-01,2017-04-01,580,12.0
2017-04-02,2017-04-02,581,7.0
2017-04-03,2017-04-03,582,26.0
2017-04-04,2017-04-04,583,27.0
2017-04-05,2017-04-05,584,13.0
2017-04-06,2017-04-06,585,18.0
2017-04-07,2017-04-07,586,27.0
2017-04-08,2017-04-08,587,10.0
2017-04-09,2017-04-09,588,20.0
2017-04-10,2017-04-10,589,18.0
2017-04-11,2017-04-11,590,21.0
2017-04-12,2017-04-12,591,6.0
2017-04-13,2017-04-13,592,14.0
2017-04-14,2017-04-14,593,22.0
2017-04-15,2017-04-15,594,10.0
2017-04-16,2017-04-16,595,15.0
2017-04-17,2017-04-17,596,4.0
2017-04-18,2017-04-18,597,23.0
2017-04-19,2017-04-19,598,30.0
2017-04-20,2017-04-20,599,12.0
2017-04-21,2017-04-21,600,10.0
2017-04-22,2017-04-22,601,22.0
2017-04-23,2017-04-23,602,18.0
2017-04-24,2017-04-24,603,10.0
2017-04-25,2017-04-25,604,43.0
2017-04-26,2017-04-26,605,21.0
2017-04-27,2017-04-27,606,15.0
2017-04-28,2017-04-28,607,15.0
2017-04-29,2017-04-29,608,4.0
2017-04-30,2017-04-30,609,14.0
2017-05-01,2017-05-01,610,27.0
2017-05-02,2017-05-02,611,34.0
2017-05-03,2017-05-03,612,17.0
2017-05-04,2017-05-04,613,14.0
2017-05-05,2017-05-05,614,8.0
2017-05-06,2017-05-06,615,9.0
2017-05-07,2017-05-07,616,12.0
2017-05-08,2017-05-08,617,24.0
2017-05-09,2017-05-09,618,10.0
2017-05-10,2017-05-10,619,9.0
2017-05-11,2017-05-11,620,11.0
2017-05-12,2017-05-12,621,14.0
2017-05-13,2017-05-13,622,15.0
2017-05-14,2017-05-14,623,21.0
2017-05-15,2017-05-15,624,12.0
2017-05-16,2017-05-16,625,9.0
2017-05-17,2017-05-17,626,20.0
2017-05-18,2017-05-18,627,7.0
2017-05-19,2017-05-19,628,14.0
2017-05-20,2017-05-20,629,16.0
2017-05-21,2017-05-21,630,30.0
2017-05-22,2017-05-22,631,21.0
2017-05-23,2017-05-23,632,13.0
2017-05-24,2017-05-24,633,15.0
2017-05-25,2017-05-25,634,27.0
2017-05-26,2017-05-26,635,11.0
2017-05-27,2017-05-27,636,25.0
2017-05-28,2017-05-28,637,11.0
2017-05-29,2017-05-29,638,17.0
2017-05-30,2017-05-30,639,18.0
2017-05-31,2017-05-31,640,11.0
2017-06-01,2017-06-01,641,20.0
2017-06-02,2017-06-02,642,13.0
2017-06-03,2017-06-03,643,12.0
2017-06-04,2017-06-04,644,64.0
2017-06-05,2017-06-05,645,7.0
2017-06-06,2017-06-06,646,24.0
2017-06-07,2017-06-07,647,10.0
2017-06-08,2017-06-08,648,9.0
2017-06-09,2017-06-09,649,5.0
2017-06-10,2017-06-10,650,36.0
2017-06-11,2017-06-11,651,31.0
2017-06-12,2017-06-12,652,8.0
2017-06-13,2017-06-13,653,15.0
2017-06-14,2017-06-14,654,48.0
2017-06-15,2017-06-15,655,58.0
2017-06-16,2017-06-16,656,11.0
2017-06-17,2017-06-17,657,15.0
2017-06-18,2017-06-18,658,21.0
2017-06-19,2017-06-19,659,22.0
2017-06-20,2017-06-20,660,34.0
2017-06-21,2017-06-21,661,10.0
2017-06-22,2017-06-22,662,20.0
2017-06-23,2017-06-23,663,6.0
2017-06-24,2017-06-24,664,7.0
2017-06-25,2017-06-25,665,15.0
2017-06-26,2017-06-26,666,15.0
2017-06-27,2017-06-27,667,18.0
2017-06-28,2017-06-28,668,21.0
2017-06-29,2017-06-29,669,34.0
2017-06-30,2017-06-30,670,19.0
2017-07-01,2017-07-01,671,3.0
2017-07-02,2017-07-02,672,26.0
2017-07-03,2017-07-03,673,7.0
2017-07-04,2017-07-04,674,14.0
2017-07-05,2017-07-05,675,7.0
2017-07-06,2017-07-06,676,11.0
2017-07-07,2017-07-07,677,19.0
2017-07-08,2017-07-08,678,11.0
2017-07-09,2017-07-09,679,24.0
2017-07-10,2017-07-10,680,21.0
2017-07-11,2017-07-11,681,16.0
2017-07-12,2017-07-12,682,6.0
2017-07-13,2017-07-13,683,16.0
2017-07-14,2017-07-14,684,18.0
2017-07-15,2017-07-15,685,11.0
2017-07-16,2017-07-16,686,20.0
2017-07-17,2017-07-17,687,20.0
2017-07-18,2017-07-18,688,26.0
2017-07-19,2017-07-19,689,17.0
2017-07-20,2017-07-20,690,14.0
2017-07-21,2017-07-21,691,47.0
2017-07-22,2017-07-22,692,17.0
2017-07-23,2017-07-23,693,2.0
2017-07-24,2017-07-24,694,7.0
2017-07-25,2017-07-25,695,14.0
2017-07-26,2017-07-26,696,20.0
2017-07-27,2017-07-27,697,16.0
2017-07-28,2017-07-28,698,20.0
2017-07-29,2017-07-29,699,13.0
2017-07-30,2017-07-30,700,25.0
2017-07-31,2017-07-31,701,8.0
2017-08-01,2017-08-01,702,13.0
2017-08-02,2017-08-02,703,11.0
2017-08-03,2017-08-03,704,14.0
2017-08-04,2017-08-04,705,9.0
2017-08-05,2017-08-05,706,16.0
2017-08-06,2017-08-06,707,18.0
2017-08-07,2017-08-07,708,25.0
2017-08-08,2017-08-08,709,9.0
2017-08-09,2017-08-09,710,23.0
2017-08-10,2017-08-10,711,29.0
2017-08-11,2017-08-11,712,18.0
2017-08-12,2017-08-12,713,15.0
2017-08-13,2017-08-13,714,9.0
2017-08-14,2017-08-14,715,9.0
2017-08-15,2017-08-15,716,8.0
2017-08-16,2017-08-16,717,21.0
2017-08-17,2017-08-17,718,9.0
2017-08-18,2017-08-18,719,33.0
2017-08-19,2017-08-19,720,18.0
2017-08-20,2017-08-20,721,27.0
2017-08-21,2017-08-21,722,27.0
2017-08-22,2017-08-22,723,22.0
2017-08-23,2017-08-23,724,22.0
2017-08-24,2017-08-24,725,9.0
2017-08-25,2017-08-25,726,27.0
2017-08-26,2017-08-26,727,21.0
2017-08-27,2017-08-27,728,20.0
2017-08-28,2017-08-28,729,33.0
2017-08-29,2017-08-29,730,6.0
2017-08-30,2017-08-30,731,25.0
2017-08-31,2017-08-31,732,48.0
2017-09-01,2017-09-01,733,13.0
2017-09-02,2017-09-02,734,22.0
2017-09-03,2017-09-03,735,23.0
2017-09-04,2017-09-04,736,32.0
2017-09-05,2017-09-05,737,29.0
2017-09-06,2017-09-06,738,16.0
2017-09-07,2017-09-07,739,24.0
2017-09-08,2017-09-08,740,26.0
2017-09-09,2017-09-09,741,7.0
2017-09-10,2017-09-10,742,10.0
2017-09-11,2017-09-11,743,13.0
2017-09-12,2017-09-12,744,19.0
2017-09-13,2017-09-13,745,18.0
2017-09-14,2017-09-14,746,15.0
2017-09-15,2017-09-15,747,7.0
2017-09-16,2017-09-16,748,18.0
2017-09-17,2017-09-17,749,52.0
2017-09-18,2017-09-18,750,15.0
2017-09-19,2017-09-19,751,9.0
2017-09-20,2017-09-20,752,22.0
2017-09-21,2017-09-21,753,13.0
2017-09-22,2017-09-22,754,22.0
2017-09-23,2017-09-23,755,21.0
2017-09-24,2017-09-24,756,22.0
2017-09-25,2017-09-25,757,10.0
2017-09-26,2017-09-26,758,6.0
2017-09-27,2017-09-27,759,34.0
2017-09-28,2017-09-28,760,21.0
2017-09-29,2017-09-29,761,27.0
2017-09-30,2017-09-30,762,29.0
2017-10-01,2017-10-01,763,14.0
2017-10-02,2017-10-02,764,29.0
2017-10-03,2017-10-03,765,34.0
2017-10-04,2017-10-04,766,6.0
2017-10-05,2017-10-05,767,26.0
2017-10-06,2017-10-06,768,24.0
2017-10-07,2017-10-07,769,16.0
2017-10-08,2017-10-08,770,29.0
2017-10-09,2017-10-09,771,25.0
2017-10-10,2017-10-10,772,12.0
2017-10-11,2017-10-11,773,33.0
2017-10-12,2017-10-12,774,22.0
2017-10-13,2017-10-13,775,6.0
2017-10-14,2017-10-14,776,20.0
2017-10-15,2017-10-15,777,11.0
2017-10-16,2017-10-16,778,29.0
2017-10-17,2017-10-17,779,5.0
2017-10-18,2017-10-18,780,24.0
2017-10-19,2017-10-19,781,22.0
2017-10-20,2017-10-20,782,15.0
2017-10-21,2017-10-21,783,19.0
2017-10-22,2017-10-22,784,4.0
2017-10-23,2017-10-23,785,11.0
2017-10-24,2017-10-24,786,5.0
2017-10-25,2017-10-25,787,20.0
2017-10-26,2017-10-26,788,10.0
2017-10-27,2017-10-27,789,22.0
2017-10-28,2017-10-28,790,16.0
2017-10-29,2017-10-29,791,9.0
2017-10-30,2017-10-30,792,18.0
2017-10-31,2017-10-31,793,11.0
2017-11-01,2017-11-01,794,19.0
2017-11-02,2017-11-02,795,8.0
2017-11-03,2017-11-03,796,15.0
2017-11-04,2017-11-04,797,17.0
2017-11-05,2017-11-05,798,22.0
2017-11-06,2017-11-06,799,22.0
2017-11-07,2017-11-07,800,24.0
2017-11-08,2017-11-08,801,21.0
2017-11-09,2017-11-09,802,27.0
2017-11-10,2017-11-10,803,21.0
2017-11-11,2017-11-11,804,6.0
2017-11-12,2017-11-12,805,27.0
2017-11-13,2017-11-13,806,24.0
2017-11-14,2017-11-14,807,15.0
2017-11-15,2017-11-15,808,14.0
2017-11-16,2017-11-16,809,14.0
2017-11-17,2017-11-17,810,17.0
2017-11-18,2017-11-18,811,29.0
2017-11-19,2017-11-19,812,67.0
2017-11-20,2017-11-20,813,24.0
2017-11-21,2017-11-21,814,28.0
2017-11-22,2017-11-22,815,19.0
2017-11-23,2017-11-23,816,15.0
2017-11-24,2017-11-24,817,39.0
2017-11-25,2017-11-25,818,48.0
2017-11-26,2017-11-26,819,15.0
2017-11-27,2017-11-27,820,22.0
2017-11-28,2017-11-28,821,19.0
2017-11-29,2017-11-29,822,6.0
2017-11-30,2017-11-30,823,20.0
2017-12-01,2017-12-01,824,17.0
2017-12-02,2017-12-02,825,11.0
2017-12-03,2017-12-03,826,26.0
2017-12-04,2017-12-04,827,28.0
2017-12-05,2017-12-05,828,30.0
2017-12-06,2017-12-06,829,22.0
2017-12-07,2017-12-07,830,11.0
2017-12-08,2017-12-08,831,39.0
2017-12-09,2017-12-09,832,34.0
2017-12-10,2017-12-10,833,18.0
2017-12-11,2017-12-11,834,12.0
2017-12-12,2017-12-12,835,10.0
2017-12-13,2017-12-13,836,12.0
2017-12-14,2017-12-14,837,19.0
2017-12-15,2017-12-15,838,6.0
2017-12-16,2017-12-16,839,4.0
2017-12-17,2017-12-17,840,9.0
2017-12-18,2017-12-18,841,13.0
2017-12-19,2017-12-19,842,15.0
2017-12-20,2017-12-20,843,14.0
2017-12-21,2017-12-21,844,16.0
2017-12-22,2017-12-22,845,15.0
2017-12-23,2017-12-23,846,18.0
2017-12-24,2017-12-24,847,20.0
2017-12-25,2017-12-25,848,15.0
2017-12-26,2017-12-26,849,30.0
2017-12-27,2017-12-27,850,11.0
2017-12-28,2017-12-28,851,33.0
2017-12-29,2017-12-29,852,10.0
2017-12-30,2017-12-30,853,19.0
2017-12-31,2017-12-31,854,14.0
2018-01-01,2018-01-01,855,11.0
2018-01-02,2018-01-02,856,24.0
2018-01-03,2018-01-03,857,22.0
2018-01-04,2018-01-04,858,18.0
2018-01-05,2018-01-05,859,38.0
2018-01-06,2018-01-06,860,11.0
2018-01-07,2018-01-07,861,18.0
2018-01-08,2018-01-08,862,44.0
2018-01-09,2018-01-09,863,30.0
2018-01-10,2018-01-10,864,29.0
2018-01-11,2018-01-11,865,18.0
2018-01-12,2018-01-12,866,38.0
2018-01-13,2018-01-13,867,28.0
2018-01-14,2018-01-14,868,16.0
2018-01-15,2018-01-15,869,12.0
2018-01-16,2018-01-16,870,25.0
2018-01-17,2018-01-17,871,12.0
2018-01-18,2018-01-18,872,19.0
2018-01-19,2018-01-19,873,40.0
2018-01-20,2018-01-20,874,28.0
2018-01-21,2018-01-21,875,18.0
2018-01-22,2018-01-22,876,22.0
2018-01-23,2018-01-23,877,10.0
2018-01-24,2018-01-24,878,16.0
2018-01-25,2018-01-25,879,9.0
2018-01-26,2018-01-26,880,43.0
2018-01-27,2018-01-27,881,25.0
2018-01-28,2018-01-28,882,15.0
2018-01-29,2018-01-29,883,37.0
2018-01-30,2018-01-30,884,24.0
2018-01-31,2018-01-31,885,25.0
2018-02-01,2018-02-01,886,27.0
2018-02-02,2018-02-02,887,26.0
2018-02-03,2018-02-03,888,43.0
2018-02-04,2018-02-04,889,19.0
2018-02-05,2018-02-05,890,18.0
2018-02-06,2018-02-06,891,45.0
2018-02-07,2018-02-07,892,24.0
2018-02-08,2018-02-08,893,47.0
2018-02-09,2018-02-09,894,29.0
2018-02-10,2018-02-10,895,7.0
2018-02-11,2018-02-11,896,32.0
2018-02-12,2018-02-12,897,22.0
2018-02-13,2018-02-13,898,26.0
2018-02-14,2018-02-14,899,18.0
2018-02-15,2018-02-15,900,61.0
2018-02-16,2018-02-16,901,32.0
2018-02-17,2018-02-17,902,11.0
2018-02-18,2018-02-18,903,19.0
2018-02-19,2018-02-19,904,26.0
2018-02-20,2018-02-20,905,14.0
2018-02-21,2018-02-21,906,37.0
2018-02-22,2018-02-22,907,25.0
2018-02-23,2018-02-23,908,23.0
2018-02-24,2018-02-24,909,27.0
2018-02-25,2018-02-25,910,11.0
2018-02-26,2018-02-26,911,16.0
2018-02-27,2018-02-27,912,26.0
2018-02-28,2018-02-28,913,19.0
2018-03-01,2018-03-01,914,15.0
2018-03-02,2018-03-02,915,10.0
2018-03-03,2018-03-03,916,33.0
2018-03-04,2018-03-04,917,26.0
2018-03-05,2018-03-05,918,33.0
2018-03-06,2018-03-06,919,20.0
2018-03-07,2018-03-07,920,33.0
2018-03-08,2018-03-08,921,48.0
2018-03-09,2018-03-09,922,30.0
2018-03-10,2018-03-10,923,42.0
2018-03-11,2018-03-11,924,30.0
2018-03-12,2018-03-12,925,22.0
2018-03-13,2018-03-13,926,18.0
2018-03-14,2018-03-14,927,16.0
2018-03-15,2018-03-15,928,20.0
2018-03-16,2018-03-16,929,29.0
2018-03-17,2018-03-17,930,25.0
2018-03-18,2018-03-18,931,41.0
2018-03-19,2018-03-19,932,43.0
2018-03-20,2018-03-20,933,17.0
2018-03-21,2018-03-21,934,19.0
2018-03-22,2018-03-22,935,16.0
2018-03-23,2018-03-23,936,16.0
2018-03-24,2018-03-24,937,21.0
2018-03-25,2018-03-25,938,17.0
2018-03-26,2018-03-26,939,19.0
2018-03-27,2018-03-27,940,26.0
2018-03-28,2018-03-28,941,34.0
2018-03-29,2018-03-29,942,24.0
2018-03-30,2018-03-30,943,10.0
2018-03-31,2018-03-31,944,26.0
2018-04-01,2018-04-01,945,22.0
2018-04-02,2018-04-02,946,13.0
2018-04-03,2018-04-03,947,16.0
2018-04-04,2018-04-04,948,17.0
2018-04-05,2018-04-05,949,24.0
2018-04-06,2018-04-06,950,13.0
2018-04-07,2018-04-07,951,31.0
2018-04-08,2018-04-08,952,12.0
2018-04-09,2018-04-09,953,32.0
2018-04-10,2018-04-10,954,24.0
2018-04-11,2018-04-11,955,25.0
2018-04-12,2018-04-12,956,33.0
2018-04-13,2018-04-13,957,23.0
2018-04-14,2018-04-14,958,22.0
2018-04-15,2018-04-15,959,44.0
2018-04-16,2018-04-16,960,19.0
2018-04-17,2018-04-17,961,38.0
2018-04-18,2018-04-18,962,13.0
2018-04-19,2018-04-19,963,14.0
2018-04-20,2018-04-20,964,21.0
2018-04-21,2018-04-21,965,11.0
2018-04-22,2018-04-22,966,14.0
2018-04-23,2018-04-23,967,4.0
2018-04-24,2018-04-24,968,30.0
2018-04-25,2018-04-25,969,35.0
2018-04-26,2018-04-26,970,43.0
2018-04-27,2018-04-27,971,20.0
2018-04-28,2018-04-28,972,16.0
2018-04-29,2018-04-29,973,12.0
2018-04-30,2018-04-30,974,16.0
2018-05-01,2018-05-01,975,30.0
2018-05-02,2018-05-02,976,44.0
2018-05-03,2018-05-03,977,28.0
2018-05-04,2018-05-04,978,16.0
2018-05-05,2018-05-05,979,15.0
2018-05-06,2018-05-06,980,29.0
2018-05-07,2018-05-07,981,14.0
2018-05-08,2018-05-08,982,14.0
2018-05-09,2018-05-09,983,20.0
2018-05-10,2018-05-10,984,30.0
2018-05-11,2018-05-11,985,35.0
2018-05-12,2018-05-12,986,9.0
2018-05-13,2018-05-13,987,41.0
2018-05-14,2018-05-14,988,22.0
2018-05-15,2018-05-15,989,21.0
2018-05-16,2018-05-16,990,53.0
2018-05-17,2018-05-17,991,14.0
2018-05-18,2018-05-18,992,14.0
2018-05-19,2018-05-19,993,17.0
2018-05-20,2018-05-20,994,33.0
2018-05-21,2018-05-21,995,23.0
2018-05-22,2018-05-22,996,33.0
2018-05-23,2018-05-23,997,33.0
2018-05-24,2018-05-24,998,16.0
2018-05-25,2018-05-25,999,13.0
2018-05-26,2018-05-26,1000,22.0
2018-05-27,2018-05-27,1001,8.0
2018-05-28,2018-05-28,1002,16.0
2018-05-29,2018-05-29,1003,12.0
2018-05-30,2018-05-30,1004,34.0
2018-05-31,2018-05-31,1005,30.0
2018-06-01,2018-06-01,1006,11.0
2018-06-02,2018-06-02,1007,13.0
2018-06-03,2018-06-03,1008,32.0
2018-06-04,2018-06-04,1009,16.0
2018-06-05,2018-06-05,1010,24.0
2018-06-06,2018-06-06,1011,21.0
2018-06-07,2018-06-07,1012,25.0
2018-06-08,2018-06-08,1013,17.0
2018-06-09,2018-06-09,1014,13.0
2018-06-10,2018-06-10,1015,28.0
2018-06-11,2018-06-11,1016,25.0
2018-06-12,2018-06-12,1017,20.0
2018-06-13,2018-06-13,1018,31.0
2018-06-14,2018-06-14,1019,19.0
2018-06-15,2018-06-15,1020,7.0
2018-06-16,2018-06-16,1021,16.0
2018-06-17,2018-06-17,1022,15.0
2018-06-18,2018-06-18,1023,35.0
2018-06-19,2018-06-19,1024,16.0
2018-06-20,2018-06-20,1025,27.0
2018-06-21,2018-06-21,1026,18.0
2018-06-22,2018-06-22,1027,16.0
2018-06-23,2018-06-23,1028,8.0
2018-06-24,2018-06-24,1029,27.0
2018-06-25,2018-06-25,1030,42.0
2018-06-26,2018-06-26,1031,11.0
2018-06-27,2018-06-27,1032,9.0
2018-06-28,2018-06-28,1033,7.0
2018-06-29,2018-06-29,1034,32.0
2018-06-30,2018-06-30,1035,28.0
2018-07-01,2018-07-01,1036,22.0
2018-07-02,2018-07-02,1037,11.0
2018-07-03,2018-07-03,1038,24.0
2018-07-04,2018-07-04,1039,12.0
2018-07-05,2018-07-05,1040,17.0
2018-07-06,2018-07-06,1041,20.0
2018-07-07,2018-07-07,1042,17.0
2018-07-08,2018-07-08,1043,28.0
2018-07-09,2018-07-09,1044,14.0
2018-07-10,2018-07-10,1045,29.0
2018-07-11,2018-07-11,1046,17.0
2018-07-12,2018-07-12,1047,34.0
2018-07-13,2018-07-13,1048,23.0
2018-07-14,2018-07-14,1049,14.0
2018-07-15,2018-07-15,1050,19.0
2018-07-16,2018-07-16,1051,16.0
2018-07-17,2018-07-17,1052,32.0
2018-07-18,2018-07-18,1053,12.0
2018-07-19,2018-07-19,1054,28.0
2018-07-20,2018-07-20,1055,29.0
2018-07-21,2018-07-21,1056,11.0
2018-07-22,2018-07-22,1057,17.0
2018-07-23,2018-07-23,1058,39.0
2018-07-24,2018-07-24,1059,36.0
2018-07-25,2018-07-25,1060,13.0
2018-07-26,2018-07-26,1061,26.0
2018-07-27,2018-07-27,1062,14.0
2018-07-28,2018-07-28,1063,19.0
2018-07-29,2018-07-29,1064,32.0
2018-07-30,2018-07-30,1065,20.0
2018-07-31,2018-07-31,1066,38.0
2018-08-01,2018-08-01,1067,18.0
2018-08-02,2018-08-02,1068,15.0
2018-08-03,2018-08-03,1069,23.0
2018-08-04,2018-08-04,1070,8.0
2018-08-05,2018-08-05,1071,21.0
2018-08-06,2018-08-06,1072,33.0
2018-08-07,2018-08-07,1073,35.0
2018-08-08,2018-08-08,1074,12.0
2018-08-09,2018-08-09,1075,18.0
2018-08-10,2018-08-10,1076,28.0
2018-08-11,2018-08-11,1077,12.0
2018-08-12,2018-08-12,1078,19.0
2018-08-13,2018-08-13,1079,31.0
2018-08-14,2018-08-14,1080,33.0
2018-08-15,2018-08-15,1081,9.0
2018-08-16,2018-08-16,1082,10.0
2018-08-17,2018-08-17,1083,22.0
2018-08-18,2018-08-18,1084,15.0
2018-08-19,2018-08-19,1085,35.0
2018-08-20,2018-08-20,1086,40.0
2018-08-21,2018-08-21,1087,11.0
2018-08-22,2018-08-22,1088,16.0
2018-08-23,2018-08-23,1089,14.0
2018-08-24,2018-08-24,1090,42.0
2018-08-25,2018-08-25,1091,9.0
2018-08-26,2018-08-26,1092,39.0
2018-08-27,2018-08-27,1093,30.0
2018-08-28,2018-08-28,1094,14.0
2018-08-29,2018-08-29,1095,18.0
2018-08-30,2018-08-30,1096,17.0
2018-08-31,2018-08-31,1097,10.0
